url,name
http://npb.jp/bis/players/31435133.html,福井 優也
http://npb.jp/bis/players/71775139.html,九里 亜蓮
http://npb.jp/bis/players/61365139.html,大瀬良 大地
http://npb.jp/bis/players/21523884.html,黒田 博樹
http://npb.jp/bis/players/51355131.html,今村 猛
http://npb.jp/bis/players/51655114.html,前田 健太
http://npb.jp/bis/players/21425135.html,野村 祐輔
http://npb.jp/bis/players/01205117.html,永川 勝浩
http://npb.jp/bis/players/11915116.html,篠田 純平
http://npb.jp/bis/players/91295133.html,中村 恭平
http://npb.jp/bis/players/91895130.html,薮田 和樹
http://npb.jp/bis/players/21325111.html,河内 貴哉
http://npb.jp/bis/players/01305117.html,江草 仁貴
http://npb.jp/bis/players/21125135.html,一岡 竜司
http://npb.jp/bis/players/31235118.html,中田 廉
http://npb.jp/bis/players/21625130.html,塹江 敦哉
http://npb.jp/bis/players/91195130.html,飯田 哲矢
http://npb.jp/bis/players/51655130.html,藤井 皓哉
http://npb.jp/bis/players/53355130.html,Ｋ．ジョンソン
http://npb.jp/bis/players/51355133.html,岩見 優輝
http://npb.jp/bis/players/91595131.html,小野 淳平
http://npb.jp/bis/players/01005139.html,西原 圭大
http://npb.jp/bis/players/21225135.html,戸田 隆矢
http://npb.jp/bis/players/71975131.html,武内 久士
http://npb.jp/bis/players/31235133.html,中崎 翔太
http://npb.jp/bis/players/13315130.html,Ｍ．ザガースキー
http://npb.jp/bis/players/11315112.html,今井 啓介
http://npb.jp/bis/players/71075139.html,中村 祐太
http://npb.jp/bis/players/21125133.html,池ノ内 亮介
http://npb.jp/bis/players/23525139.html,Ｄ．ヒース
http://npb.jp/bis/players/61765116.html,佐藤 祥万
http://npb.jp/bis/players/31135114.html,會澤 翼
http://npb.jp/bis/players/51355115.html,石原 慶幸
http://npb.jp/bis/players/41745119.html,白濱 裕太
http://npb.jp/bis/players/31533886.html,倉 義和
http://npb.jp/bis/players/81185133.html,磯村 嘉孝
http://npb.jp/bis/players/41045130.html,多田 大輔
http://npb.jp/bis/players/31335137.html,上本 崇司
http://npb.jp/bis/players/21923888.html,東出 輝裕
http://npb.jp/bis/players/51755116.html,小窪 哲也
http://npb.jp/bis/players/31535111.html,栗原 健太
http://npb.jp/bis/players/21925112.html,梵 英心
http://npb.jp/bis/players/61965131.html,堂林 翔太
http://npb.jp/bis/players/83185130.html,Ｊ．グスマン
http://npb.jp/bis/players/01103888.html,新井 貴浩
http://npb.jp/bis/players/61565135.html,菊池 涼介
http://npb.jp/bis/players/21725130.html,桑原 樹
http://npb.jp/bis/players/81785137.html,鈴木 誠也
http://npb.jp/bis/players/81785131.html,庄司 隼人
http://npb.jp/bis/players/13515135.html,Ｂ．エルドレッド
http://npb.jp/bis/players/11415137.html,美間 優槻
http://npb.jp/bis/players/91195116.html,安部 友裕
http://npb.jp/bis/players/61965139.html,田中 広輔
http://npb.jp/bis/players/01705117.html,木村 昇吾
http://npb.jp/bis/players/61265114.html,中東 直己
http://npb.jp/bis/players/21425116.html,丸 佳浩
http://npb.jp/bis/players/71375118.html,岩本 貴裕
http://npb.jp/bis/players/51955137.html,高橋 大樹
http://npb.jp/bis/players/71275113.html,廣瀬 純
http://npb.jp/bis/players/91795137.html,下水流 昂
http://npb.jp/bis/players/01405130.html,野間 峻祥
http://npb.jp/bis/players/51155110.html,赤松 真人
http://npb.jp/bis/players/41445135.html,土生 翔平
http://npb.jp/bis/players/01405116.html,松山 竜平
http://npb.jp/bis/players/01105115.html,天谷 宗一郎
http://npb.jp/bis/players/71975112.html,鈴木 将光
http://npb.jp/bis/players/53355139.html,Ｒ．ロサリオ
http://npb.jp/bis/players/31235116.html,中村 憲
http://npb.jp/bis/players/13715130.html,Ｎ．シアーホルツ
